{"cameraMode":{"drawMode":0,"name":"Shaded","section":"Shading Mode"},"sceneLighting":true,"audioPlay":false,"sceneViewState":{"showFog":true,"showMaterialUpdate":false,"showSkybox":true,"showFlares":true,"showImageEffects":true,"showParticleSystems":true},"in2DMode":false,"pivot":{"x":-15.324283599853516,"y":18.77466583251953,"z":-9.647836685180664},"rotation":{"x":-0.1032305434346199,"y":0.8677527904510498,"z":-0.44188085198402407,"w":-0.2027212530374527},"size":49.45760726928711,"orthographic":true}